{
  "version": "1.3",
  "computed_at_utc": "2026-01-05T00:19:39.414427+00:00",
  "computed_on_exchange": "kraken",
  "computed_on_testnet": true,
  "universe": [
    "ETH",
    "SOL",
    "XRP",
    "LTC",
    "BCH",
    "AVAX",
    "LINK",
    "DOT",
    "ATOM",
    "MATIC",
    "DOGE",
    "ADA"
  ],
  "lookback_days": 0.05,
  "p_threshold": 0.2,
  "cointegration_groups": [
    {
      "id": "DOT-MATIC",
      "assets": [
        "DOT",
        "MATIC"
      ],
      "method": "EngleGranger",
      "rank": 1,
      "vectors": [
        {
          "weights": {
            "DOT": -0.04646535580524338,
            "MATIC": 1.0
          },
          "spread_mean": 0.09925000000000016,
          "spread_std": 1.397517698725796e-17,
          "half_life": 0.14970687407386762,
          "test_stats": {
            "t_stat": -Infinity
          },
          "p_value": 0.0
        }
      ],
      "selection_score": 2.869786919214115,
      "notes": ""
    },
    {
      "id": "LINK-ADA",
      "assets": [
        "LINK",
        "ADA"
      ],
      "method": "EngleGranger",
      "rank": 1,
      "vectors": [
        {
          "weights": {
            "LINK": -0.0004864754914714886,
            "ADA": 1.0
          },
          "spread_mean": 0.3936644712227285,
          "spread_std": 0.0009016732660081315,
          "half_life": 4.1427264397417645,
          "test_stats": {
            "t_stat": -7.858986002084599
          },
          "p_value": 6.815367550105595e-11
        }
      ],
      "selection_score": 2.1935485252254368,
      "notes": ""
    },
    {
      "id": "LINK-ATOM",
      "assets": [
        "LINK",
        "ATOM"
      ],
      "method": "EngleGranger",
      "rank": 1,
      "vectors": [
        {
          "weights": {
            "LINK": -0.014152250235038633,
            "ATOM": 1.0
          },
          "spread_mean": 2.1338837217708115,
          "spread_std": 0.015399040391270886,
          "half_life": 17.453630648404584,
          "test_stats": {
            "t_stat": -7.852084788087813
          },
          "p_value": 7.091328893465213e-11
        }
      ],
      "selection_score": 2.03902437213212,
      "notes": ""
    },
    {
      "id": "LINK-MATIC",
      "assets": [
        "LINK",
        "MATIC"
      ],
      "method": "EngleGranger",
      "rank": 1,
      "vectors": [
        {
          "weights": {
            "LINK": -2.7755575615628914e-17,
            "MATIC": 1.0
          },
          "spread_mean": 0.19849999999999965,
          "spread_std": 3.2939808053240965e-18,
          "half_life": 0.21180462303246553,
          "test_stats": {
            "t_stat": -7.795668712223955
          },
          "p_value": 9.805449441902572e-11
        }
      ],
      "selection_score": 2.825215534645131,
      "notes": ""
    },
    {
      "id": "LINK-DOT",
      "assets": [
        "LINK",
        "DOT"
      ],
      "method": "EngleGranger",
      "rank": 1,
      "vectors": [
        {
          "weights": {
            "LINK": -6.661338147750939e-16,
            "DOT": 1.0
          },
          "spread_mean": 2.1359999999999917,
          "spread_std": 4.564273691182386e-16,
          "half_life": 3.497615157574913,
          "test_stats": {
            "t_stat": -7.795668712223954
          },
          "p_value": 9.805449441902572e-11
        }
      ],
      "selection_score": 2.2223400545675367,
      "notes": ""
    },
    {
      "id": "LINK-DOGE",
      "assets": [
        "LINK",
        "DOGE"
      ],
      "method": "EngleGranger",
      "rank": 1,
      "vectors": [
        {
          "weights": {
            "LINK": 2.1541921791476404e-05,
            "DOGE": 1.0
          },
          "spread_mean": 0.14966423911639726,
          "spread_std": 0.00029552846707723527,
          "half_life": 3.2455349794195385,
          "test_stats": {
            "t_stat": -7.795657452449839
          },
          "p_value": 9.806082926689983e-11
        }
      ],
      "selection_score": 2.235246134742458,
      "notes": ""
    },
    {
      "id": "SOL-BCH",
      "assets": [
        "SOL",
        "BCH"
      ],
      "method": "EngleGranger",
      "rank": 1,
      "vectors": [
        {
          "weights": {
            "SOL": 10.155458118272168,
            "BCH": 1.0
          },
          "spread_mean": 2011.5915052172418,
          "spread_std": 3.9849233380058164,
          "half_life": 3.895149239528659,
          "test_stats": {
            "t_stat": -4.642234446634084
          },
          "p_value": 0.0007081584159304732
        }
      ],
      "selection_score": 1.404180595701561,
      "notes": ""
    },
    {
      "id": "AVAX-ATOM",
      "assets": [
        "AVAX",
        "ATOM"
      ],
      "method": "EngleGranger",
      "rank": 1,
      "vectors": [
        {
          "weights": {
            "AVAX": 0.16592205608599542,
            "ATOM": 1.0
          },
          "spread_mean": 4.690416925212077,
          "spread_std": 0.011594172692381437,
          "half_life": 3.094649477241696,
          "test_stats": {
            "t_stat": -3.996018928507706
          },
          "p_value": 0.007275719327071699
        }
      ],
      "selection_score": 2.2254841411185184,
      "notes": ""
    },
    {
      "id": "AVAX-ADA",
      "assets": [
        "AVAX",
        "ADA"
      ],
      "method": "EngleGranger",
      "rank": 1,
      "vectors": [
        {
          "weights": {
            "AVAX": -0.007975139614483595,
            "ADA": 1.0
          },
          "spread_mean": 0.28645068581237015,
          "spread_std": 0.0007622739988000965,
          "half_life": 2.290187534817807,
          "test_stats": {
            "t_stat": -3.6439527586062654
          },
          "p_value": 0.021594633291546844
        }
      ],
      "selection_score": 2.2815777164243354,
      "notes": ""
    },
    {
      "id": "ETH-XRP",
      "assets": [
        "ETH",
        "XRP"
      ],
      "method": "EngleGranger",
      "rank": 1,
      "vectors": [
        {
          "weights": {
            "ETH": -9.815392758468627e-05,
            "XRP": 1.0
          },
          "spread_mean": 1.7827998074042652,
          "spread_std": 0.002682968171048669,
          "half_life": 5.2405140972551125,
          "test_stats": {
            "t_stat": -3.595484341124985
          },
          "p_value": 0.024818555799044052
        }
      ],
      "selection_score": 2.132748863325153,
      "notes": ""
    },
    {
      "id": "ETH-LTC",
      "assets": [
        "ETH",
        "LTC"
      ],
      "method": "EngleGranger",
      "rank": 1,
      "vectors": [
        {
          "weights": {
            "ETH": -0.007021287869701215,
            "LTC": 1.0
          },
          "spread_mean": 59.99737917701274,
          "spread_std": 0.1878315217699721,
          "half_life": 8.398938969809024,
          "test_stats": {
            "t_stat": -3.5006117621200614
          },
          "p_value": 0.03234119553709413
        }
      ],
      "selection_score": 1.9159240255816796,
      "notes": ""
    },
    {
      "id": "ETH-DOGE",
      "assets": [
        "ETH",
        "DOGE"
      ],
      "method": "EngleGranger",
      "rank": 1,
      "vectors": [
        {
          "weights": {
            "ETH": 3.975312194299033e-06,
            "DOGE": 1.0
          },
          "spread_mean": 0.161863550665931,
          "spread_std": 0.0002924537404329918,
          "half_life": 2.9906280038022692,
          "test_stats": {
            "t_stat": -3.428870007181338
          },
          "p_value": 0.03924358374760765
        }
      ],
      "selection_score": 2.211051173412748,
      "notes": ""
    },
    {
      "id": "ETH-AVAX",
      "assets": [
        "ETH",
        "AVAX"
      ],
      "method": "EngleGranger",
      "rank": 1,
      "vectors": [
        {
          "weights": {
            "ETH": -0.0007143443939687244,
            "AVAX": 1.0
          },