{
  "version": "1.3",
  "computed_at_utc": "2026-01-05T05:28:45.654129+00:00",
  "computed_on_exchange": "kraken",
  "computed_on_testnet": true,
  "universe": [
    "SOL",
    "XRP",
    "BCH",
    "AVAX",
    "LINK",
    "DOT",
    "ATOM",
    "MATIC",
    "DOGE",
    "ADA"
  ],
  "lookback_days": 0,
  "p_threshold": 0.2,
  "cointegration_groups": [
    {
      "id": "LINK-ADA",
      "assets": [
        "LINK",
        "ADA"
      ],
      "method": "EngleGranger",
      "rank": 1,
      "vectors": [
        {
          "weights": {
            "LINK": -0.008797408617848168,
            "ADA": 1.0
          },
          "spread_mean": 0.2783738516620348,
          "spread_std": 0.0014238168745822298,
          "half_life": 3.3830505774696262,
          "test_stats": {
            "t_stat": -8.188391492001879
          },
          "p_value": 1.0132486074299513e-11
        }
      ],
      "selection_score": 2.2267298070013384,
      "notes": ""
    },
    {
      "id": "LINK-ATOM",
      "assets": [
        "LINK",
        "ATOM"
      ],
      "method": "EngleGranger",
      "rank": 1,
      "vectors": [
        {
          "weights": {
            "LINK": -0.013395330368550784,
            "ATOM": 1.0
          },
          "spread_mean": 2.1410937876751857,
          "spread_std": 0.0033991635924404593,
          "half_life": 1.1977922248782917,
          "test_stats": {
            "t_stat": -7.993590408298516
          },
          "p_value": 3.135872623864029e-11
        }
      ],
      "selection_score": 2.451614416201319,
      "notes": ""
    },
    {
      "id": "LINK-MATIC",
      "assets": [
        "LINK",
        "MATIC"
      ],
      "method": "EngleGranger",
      "rank": 1,
      "vectors": [
        {
          "weights": {
            "LINK": -4.1468622113086107e-05,
            "MATIC": 1.0
          },
          "spread_mean": 0.19794097413231068,
          "spread_std": 1.632141054763252e-05,
          "half_life": 7.425031933991848,
          "test_stats": {
            "t_stat": -7.685433970529797
          },
          "p_value": 1.8428675282511768e-10
        }
      ],
      "selection_score": 2.1186775907937547,
      "notes": ""
    },
    {
      "id": "LINK-DOT",
      "assets": [
        "LINK",
        "DOT"
      ],
      "method": "EngleGranger",
      "rank": 1,
      "vectors": [
        {
          "weights": {
            "LINK": 0.009076613391094668,
            "DOT": 1.0
          },
          "spread_mean": 2.2543976143043842,
          "spread_std": 0.003682193182116164,
          "half_life": 5.430153184159018,
          "test_stats": {
            "t_stat": -7.614754349059383
          },
          "p_value": 2.7572156443042943e-10
        }
      ],
      "selection_score": 2.1518486057378468,
      "notes": ""
    },
    {
      "id": "LINK-DOGE",
      "assets": [
        "LINK",
        "DOGE"
      ],
      "method": "EngleGranger",
      "rank": 1,
      "vectors": [
        {
          "weights": {
            "LINK": -0.00046438179236957255,
            "DOGE": 1.0
          },
          "spread_mean": 0.14426016215449405,
          "spread_std": 0.000295760694360269,
          "half_life": 4.349431214404013,
          "test_stats": {
            "t_stat": -7.464701599805062
          },
          "p_value": 6.455260250208675e-10
        }
      ],
      "selection_score": 2.186640088046725,
      "notes": ""
    },
    {
      "id": "AVAX-ADA",
      "assets": [
        "AVAX",
        "ADA"
      ],
      "method": "EngleGranger",
      "rank": 1,
      "vectors": [
        {
          "weights": {
            "AVAX": -0.01735803885383644,
            "ADA": 1.0
          },
          "spread_mean": 0.15156358187098493,
          "spread_std": 0.0010922192927822656,
          "half_life": 1.0545587824556746,
          "test_stats": {
            "t_stat": -6.945785372042554
          },
          "p_value": 1.154481287268598e-08
        }
      ],
      "selection_score": 2.4856314671342736,
      "notes": ""
    },
    {
      "id": "ATOM-ADA",
      "assets": [
        "ATOM",
        "ADA"
      ],
      "method": "EngleGranger",
      "rank": 1,
      "vectors": [
        {
          "weights": {
            "ATOM": -0.31469575379819936,
            "ADA": 1.0
          },
          "spread_mean": -0.3333444087347762,
          "spread_std": 0.0010867633057619318,
          "half_life": 1.3029411542961924,
          "test_stats": {
            "t_stat": -5.952597500539852
          },
          "p_value": 2.0531216713514008e-06
        }
      ],
      "selection_score": 2.433139698305028,
      "notes": ""
    },
    {
      "id": "SOL-DOGE",
      "assets": [
        "SOL",
        "DOGE"
      ],
      "method": "EngleGranger",
      "rank": 1,
      "vectors": [
        {
          "weights": {
            "SOL": -0.000774116393545389,
            "DOGE": 1.0
          },
          "spread_mean": 0.045597934989254164,
          "spread_std": 0.00024805984973185234,
          "half_life": 2.0637094038019077,
          "test_stats": {
            "t_stat": -4.3483149446265505
          },
          "p_value": 0.0021502573322562993
        }
      ],
      "selection_score": 2.3240034581409716,
      "notes": ""
    },
    {
      "id": "ATOM-MATIC",
      "assets": [
        "ATOM",
        "MATIC"
      ],
      "method": "EngleGranger",
      "rank": 1,
      "vectors": [
        {
          "weights": {
            "ATOM": -0.0012123100895959915,
            "MATIC": 1.0
          },
          "spread_mean": 0.19568710340649043,
          "spread_std": 1.596432700397902e-05,
          "half_life": 6.348931276601753,
          "test_stats": {
            "t_stat": -4.289406694417565
          },
          "p_value": 0.002659510810993078
        }
      ],
      "selection_score": 2.1333987326936663,
      "notes": ""
    },
    {
      "id": "AVAX-ATOM",
      "assets": [
        "AVAX",
        "ATOM"
      ],
      "method": "EngleGranger",
      "rank": 1,
      "vectors": [
        {
          "weights": {
            "AVAX": -0.0295274196363986,
            "ATOM": 1.0
          },
          "spread_mean": 1.9041125948001105,
          "spread_std": 0.0029914874636408767,
          "half_life": 0.699198926500682,
          "test_stats": {
            "t_stat": -3.963037617856884
          },
          "p_value": 0.008101971163700743
        }
      ],
      "selection_score": 2.5774280765366857,
      "notes": ""
    },
    {
      "id": "AVAX-DOGE",
      "assets": [
        "AVAX",
        "DOGE"
      ],
      "method": "EngleGranger",
      "rank": 1,
      "vectors": [
        {
          "weights": {
            "AVAX": -0.002559881293797764,
            "DOGE": 1.0
          },
          "spread_mean": 0.11427331839232746,
          "spread_std": 0.0002517267495643811,
          "half_life": 1.8248147521145675,
          "test_stats": {
            "t_stat": -3.8597548102202857
          },
          "p_value": 0.011262548753996826
        }
      ],
      "selection_score": 2.3424913024567644,
      "notes": ""
    },
    {
      "id": "ATOM-DOGE",
      "assets": [
        "ATOM",
        "DOGE"
      ],
      "method": "EngleGranger",
      "rank": 1,
      "vectors": [
        {
          "weights": {
            "ATOM": -0.029826536813397198,
            "DOGE": 1.0
          },
          "spread_mean": 0.08127725529693963,
          "spread_std": 0.00028009792335914136,
          "half_life": 3.3024414566832636,
          "test_stats": {
            "t_stat": -3.792061350341404
          },
          "p_value": 0.013889732043175517
        }
      ],
      "selection_score": 2.2182564209239914,
      "notes": ""
    },
    {
      "id": "AVAX-DOT",
      "assets": [
        "AVAX",
        "DOT"
      ],
      "method": "EngleGranger",
      "rank": 1,
      "vectors": [
        {
          "weights": {
            "AVAX": -0.021959649866579833,