{
  "version": "1.3",
  "computed_at_utc": "2026-01-07T05:29:57.192921+00:00",
  "computed_on_exchange": "kraken",
  "computed_on_testnet": true,
  "universe": [
    "SOL",
    "XRP",
    "LTC",
    "BCH",
    "AVAX",
    "LINK",
    "DOT",
    "ATOM",
    "MATIC",
    "DOGE",
    "ADA"
  ],
  "lookback_days": 7,
  "p_threshold": 0.1,
  "cointegration_groups": [
    {
      "id": "SOL-AVAX",
      "assets": [
        "SOL",
        "AVAX"
      ],
      "method": "EngleGranger",
      "rank": 1,
      "vectors": [
        {
          "weights": {
            "SOL": -0.03580465456354078,
            "AVAX": 1.0
          },
          "spread_mean": 8.974130368052274,
          "spread_std": 0.668185329383923,
          "half_life": 3.3010599011857527,
          "test_stats": {
            "t_stat": -12.169617576949518
          },
          "p_value": 1.6111233009931517e-21
        }
      ],
      "selection_score": 1.8319546098564397,
      "notes": ""
    },
    {
      "id": "SOL-BCH",
      "assets": [
        "SOL",
        "BCH"
      ],
      "method": "EngleGranger",
      "rank": 1,
      "vectors": [
        {
          "weights": {
            "SOL": -1.035535297408325,
            "BCH": 1.0
          },
          "spread_mean": 488.1814499247036,
          "spread_std": 21.948154133864502,
          "half_life": 4.239459658437022,
          "test_stats": {
            "t_stat": -11.72807551471042
          },
          "p_value": 1.595509823462208e-20
        }
      ],
      "selection_score": 1.2344358654137486,
      "notes": ""
    },
    {
      "id": "SOL-XRP",
      "assets": [
        "SOL",
        "XRP"
      ],
      "method": "EngleGranger",
      "rank": 1,
      "vectors": [
        {
          "weights": {
            "SOL": -0.009141287307461447,
            "XRP": 1.0
          },
          "spread_mean": 0.838579308319917,
          "spread_std": 0.15093122653417962,
          "half_life": 2.6854351931992664,
          "test_stats": {
            "t_stat": -7.316630414938848
          },
          "p_value": 1.484319125856858e-09
        }
      ],
      "selection_score": 2.1402000205380722,
      "notes": ""
    },
    {
      "id": "SOL-DOGE",
      "assets": [
        "SOL",
        "DOGE"
      ],
      "method": "EngleGranger",
      "rank": 1,
      "vectors": [
        {
          "weights": {
            "SOL": -0.0005951105214657309,
            "DOGE": 1.0
          },
          "spread_mean": 0.06063736121979392,
          "spread_std": 0.01065986928038614,
          "half_life": 3.137163117248192,
          "test_stats": {
            "t_stat": -6.840396657648728
          },
          "p_value": 2.0474685557693774e-08
        }
      ],
      "selection_score": 2.2311640680140914,
      "notes": ""
    },
    {
      "id": "SOL-DOT",
      "assets": [
        "SOL",
        "DOT"
      ],
      "method": "EngleGranger",
      "rank": 1,
      "vectors": [
        {
          "weights": {
            "SOL": -0.0072412419138223605,
            "DOT": 1.0
          },
          "spread_mean": 1.0971126541651697,
          "spread_std": 0.1438338713345596,
          "half_life": 3.8531408386402375,
          "test_stats": {
            "t_stat": -6.436782685657241
          },
          "p_value": 1.752346688377426e-07
        }
      ],
      "selection_score": 2.0803047841428723,
      "notes": ""
    },
    {
      "id": "SOL-LINK",
      "assets": [
        "SOL",
        "LINK"
      ],
      "method": "EngleGranger",
      "rank": 1,
      "vectors": [
        {
          "weights": {
            "SOL": -0.029861399508778357,
            "LINK": 1.0
          },
          "spread_mean": 9.208788689378066,
          "spread_std": 0.48192624826555136,
          "half_life": 2.452000819457103,
          "test_stats": {
            "t_stat": -6.332247577644705
          },
          "p_value": 3.014973271718735e-07
        }
      ],
      "selection_score": 1.9644841815799434,
      "notes": ""
    },
    {
      "id": "SOL-ATOM",
      "assets": [
        "SOL",
        "ATOM"
      ],
      "method": "EngleGranger",
      "rank": 1,
      "vectors": [
        {
          "weights": {
            "SOL": -0.008921520721915906,
            "ATOM": 1.0
          },
          "spread_mean": 1.0252871696617867,
          "spread_std": 0.14873852665805995,
          "half_life": 2.7036494918081937,
          "test_stats": {
            "t_stat": -6.303131467876432
          },
          "p_value": 3.5031828248172325e-07
        }
      ],
      "selection_score": 2.140523721721461,
      "notes": ""
    },
    {
      "id": "SOL-MATIC",
      "assets": [
        "SOL",
        "MATIC"
      ],
      "method": "EngleGranger",
      "rank": 1,
      "vectors": [
        {
          "weights": {
            "SOL": -1.0249032211394511e-07,
            "MATIC": 1.0
          },
          "spread_mean": 0.1984876019127447,
          "spread_std": 1.0839938399891388e-05,
          "half_life": 30.674711613220094,
          "test_stats": {
            "t_stat": -5.187729188329884
          },
          "p_value": 7.328565614528687e-05
        }
      ],
      "selection_score": 2.031486801267643,
      "notes": ""
    },
    {
      "id": "LTC-DOT",
      "assets": [
        "LTC",
        "DOT"
      ],
      "method": "EngleGranger",
      "rank": 1,
      "vectors": [
        {
          "weights": {
            "LTC": -0.06596951154174965,
            "DOT": 1.0
          },
          "spread_mean": -3.294866972979674,
          "spread_std": 0.03689062275457737,
          "half_life": 2.4337514040683486,
          "test_stats": {
            "t_stat": -4.99986360546858
          },
          "p_value": 0.00016473772350929374
        }
      ],
      "selection_score": 2.2554838124402963,
      "notes": ""
    },
    {
      "id": "SOL-LTC",
      "assets": [
        "SOL",
        "LTC"
      ],
      "method": "EngleGranger",
      "rank": 1,
      "vectors": [
        {
          "weights": {
            "SOL": -0.120547730600581,
            "LTC": 1.0
          },
          "spread_mean": 65.14648213873159,
          "spread_std": 2.060270212099971,
          "half_life": 2.7067525301466304,
          "test_stats": {
            "t_stat": -4.647377212415813
          },
          "p_value": 0.0006940260015219693
        }
      ],
      "selection_score": 1.5958524278145136,
      "notes": ""
    },
    {
      "id": "LTC-ADA",
      "assets": [
        "LTC",
        "ADA"
      ],
      "method": "EngleGranger",
      "rank": 1,
      "vectors": [
        {
          "weights": {
            "LTC": -0.011341793564521805,
            "ADA": 1.0
          },
          "spread_mean": -0.5357199032521598,
          "spread_std": 0.007605868978433784,
          "half_life": 2.9090803881029252,
          "test_stats": {
            "t_stat": -4.494018547131758
          },
          "p_value": 0.0012526831534591884
        }
      ],
      "selection_score": 2.2470135024304083,
      "notes": ""
    },
    {
      "id": "LTC-AVAX",
      "assets": [
        "LTC",
        "AVAX"
      ],
      "method": "EngleGranger",
      "rank": 1,
      "vectors": [
        {
          "weights": {
            "LTC": -0.30371954513000404,
            "AVAX": 1.0
          },
          "spread_mean": -10.919263596776286,
          "spread_std": 0.2242525081317501,
          "half_life": 2.9018569920405373,
          "test_stats": {
            "t_stat": -4.490759988501174
          },
          "p_value": 0.0012681952388803196
        }
      ],
      "selection_score": 2.0718449841823188,
      "notes": ""
    },
    {
      "id": "LINK-ADA",
      "assets": [
        "LINK",
        "ADA"
      ],
      "method": "EngleGranger",
      "rank": 1,
      "vectors": [
        {
          "weights": {
            "LINK": -0.04876902803464008,
            "ADA": 1.0
          },
          "spread_mean": -0.257756720515281,