{
  "version": "1.3",
  "computed_at_utc": "2026-01-08T20:22:32.595865+00:00",
  "computed_on_exchange": "kraken",
  "computed_on_testnet": true,
  "universe": [
    "SOL",
    "XRP",
    "LTC",
    "BCH",
    "AVAX",
    "LINK",
    "DOT",
    "ATOM",
    "MATIC",
    "DOGE",
    "ADA"
  ],
  "lookback_days": 2,
  "p_threshold": 0.2,
  "cointegration_groups": [
    {
      "id": "SOL-LINK",
      "assets": [
        "SOL",
        "LINK"
      ],
      "method": "EngleGranger",
      "rank": 1,
      "vectors": [
        {
          "weights": {
            "SOL": -0.08246545694614954,
            "LINK": 1.0
          },
          "spread_mean": 2.31751290728222,
          "spread_std": 0.04500356913514146,
          "half_life": 2.838151478980851,
          "test_stats": {
            "t_stat": -4.0659097564175894
          },
          "p_value": 0.005770916265165129
        }
      ],
      "selection_score": 2.211705702322468,
      "notes": ""
    },
    {
      "id": "LTC-DOT",
      "assets": [
        "LTC",
        "DOT"
      ],
      "method": "EngleGranger",
      "rank": 1,
      "vectors": [
        {
          "weights": {
            "LTC": -0.0675481852627169,
            "DOT": 1.0
          },
          "spread_mean": -3.4376674856412546,
          "spread_std": 0.008489906899947585,
          "half_life": 11.785457025171436,
          "test_stats": {
            "t_stat": -3.897691200204821
          },
          "p_value": 0.009992394529193765
        }
      ],
      "selection_score": 2.0598030345406624,
      "notes": ""
    },
    {
      "id": "DOGE-ADA",
      "assets": [
        "DOGE",
        "ADA"
      ],
      "method": "EngleGranger",
      "rank": 1,
      "vectors": [
        {
          "weights": {
            "DOGE": -2.461497178378304,
            "ADA": 1.0
          },
          "spread_mean": 0.04828115459587075,
          "spread_std": 0.001112841477350786,
          "half_life": 6.037468962755388,
          "test_stats": {
            "t_stat": -3.5956520335961923
          },
          "p_value": 0.024806722500834395
        }
      ],
      "selection_score": 2.1161782144872885,
      "notes": ""
    },
    {
      "id": "AVAX-ATOM",
      "assets": [
        "AVAX",
        "ATOM"
      ],
      "method": "EngleGranger",
      "rank": 1,
      "vectors": [
        {
          "weights": {
            "AVAX": -0.34315356185675505,
            "ATOM": 1.0
          },
          "spread_mean": -2.5377677863416395,
          "spread_std": 0.027863260949417563,
          "half_life": 15.25995021785553,
          "test_stats": {
            "t_stat": -3.119181699835694
          },
          "p_value": 0.08451480228090769
        }
      ],
      "selection_score": 1.9498780558195525,
      "notes": ""
    },
    {
      "id": "AVAX-LINK",
      "assets": [
        "AVAX",
        "LINK"
      ],
      "method": "EngleGranger",
      "rank": 1,
      "vectors": [
        {
          "weights": {
            "AVAX": -1.0316799655643267,
            "LINK": 1.0
          },
          "spread_mean": -1.2167456022149765,
          "spread_std": 0.06578754009261993,
          "half_life": 11.39758557056022,
          "test_stats": {
            "t_stat": -3.041048163304206
          },
          "p_value": 0.10076774144814482
        }
      ],
      "selection_score": 1.9181664326707484,
      "notes": ""
    },
    {
      "id": "AVAX-DOT",
      "assets": [
        "AVAX",
        "DOT"
      ],
      "method": "EngleGranger",
      "rank": 1,
      "vectors": [
        {
          "weights": {
            "AVAX": -0.15344324278463412,
            "DOT": 1.0
          },
          "spread_mean": -0.027525852395467565,
          "spread_std": 0.01878570558871158,
          "half_life": 30.45112340432376,
          "test_stats": {
            "t_stat": -2.9440910522198838
          },
          "p_value": 0.12410033971480017
        }
      ],
      "selection_score": 1.889255716791789,
      "notes": ""
    }
  ],
  "metrics": {}
}