{
  "version": "1.3",
  "computed_at_utc": "2026-01-08T18:56:36.592504+00:00",
  "computed_on_exchange": "kraken",
  "computed_on_testnet": true,
  "universe": [
    "SOL",
    "XRP",
    "LTC",
    "BCH",
    "AVAX",
    "LINK",
    "DOT",
    "ATOM",
    "MATIC",
    "DOGE",
    "ADA"
  ],
  "lookback_days": 1,
  "p_threshold": 0.2,
  "cointegration_groups": [
    {
      "id": "SOL-BCH",
      "assets": [
        "SOL",
        "BCH"
      ],
      "method": "EngleGranger",
      "rank": 1,
      "vectors": [
        {
          "weights": {
            "SOL": -1.5315653389401698,
            "BCH": 1.0
          },
          "spread_mean": 427.5975910414293,
          "spread_std": 9.504564329410856,
          "half_life": 12.298666640538274,
          "test_stats": {
            "t_stat": -4.468428405287191
          },
          "p_value": 0.0013794220494605107
        }
      ],
      "selection_score": 1.169012799833358,
      "notes": ""
    },
    {
      "id": "XRP-DOGE",
      "assets": [
        "XRP",
        "DOGE"
      ],
      "method": "EngleGranger",
      "rank": 1,
      "vectors": [
        {
          "weights": {
            "XRP": -0.06096907055114505,
            "DOGE": 1.0
          },
          "spread_mean": 0.014964044569826123,
          "spread_std": 0.0004312934195102743,
          "half_life": 15.968400503447214,
          "test_stats": {
            "t_stat": -3.1108426379148413
          },
          "p_value": 0.08614578242205767
        }
      ],
      "selection_score": 1.9723561839430768,
      "notes": ""
    },
    {
      "id": "AVAX-LINK",
      "assets": [
        "AVAX",
        "LINK"
      ],
      "method": "EngleGranger",
      "rank": 1,
      "vectors": [
        {
          "weights": {
            "AVAX": -0.664668356056831,
            "LINK": 1.0
          },
          "spread_mean": 4.064851869724476,
          "spread_std": 0.052528192463236936,
          "half_life": 19.36913652284834,
          "test_stats": {
            "t_stat": -3.0651147193817296
          },
          "p_value": 0.09552662758375213
        }
      ],
      "selection_score": 1.9036605706249392,
      "notes": ""
    }
  ],
  "metrics": {}
}