{
  "version": "1.3",
  "computed_at_utc": "2026-01-06T01:06:55.308307+00:00",
  "computed_on_exchange": "kraken",
  "computed_on_testnet": true,
  "universe": [
    "SOL",
    "XRP",
    "LTC",
    "BCH",
    "AVAX",
    "LINK",
    "DOT",
    "ATOM",
    "MATIC",
    "DOGE",
    "ADA"
  ],
  "lookback_days": 0,
  "p_threshold": 0.2,
  "cointegration_groups": [
    {
      "id": "SOL-LINK",
      "assets": [
        "SOL",
        "LINK"
      ],
      "method": "EngleGranger",
      "rank": 1,
      "vectors": [
        {
          "weights": {
            "SOL": -0.08802199517053655,
            "LINK": 1.0
          },
          "spread_mean": 1.7302022995233521,
          "spread_std": 0.07447005016474484,
          "half_life": 1.8640349451036067,
          "test_stats": {
            "t_stat": -5.690462327261862
          },
          "p_value": 7.325422968771358e-06
        }
      ],
      "selection_score": 2.2798417926979386,
      "notes": ""
    },
    {
      "id": "LTC-LINK",
      "assets": [
        "LTC",
        "LINK"
      ],
      "method": "EngleGranger",
      "rank": 1,
      "vectors": [
        {
          "weights": {
            "LTC": -0.2644938015737288,
            "LINK": 1.0
          },
          "spread_mean": -8.296992550068792,
          "spread_std": 0.07539024162983314,
          "half_life": 5.268118317249821,
          "test_stats": {
            "t_stat": -5.015165831043491
          },
          "p_value": 0.00015438886515576489
        }
      ],
      "selection_score": 2.089278114806889,
      "notes": ""
    },
    {
      "id": "BCH-ADA",
      "assets": [
        "BCH",
        "ADA"
      ],
      "method": "EngleGranger",
      "rank": 1,
      "vectors": [
        {
          "weights": {
            "BCH": 0.0025208001298910655,
            "ADA": 1.0
          },
          "spread_mean": 2.0426089560702247,
          "spread_std": 0.004267897748384847,
          "half_life": 20.48032441765077,
          "test_stats": {
            "t_stat": -4.592551266370765
          },
          "p_value": 0.0008593304684058682
        }
      ],
      "selection_score": 2.0414451410284618,
      "notes": ""
    },
    {
      "id": "LINK-ATOM",
      "assets": [
        "LINK",
        "ATOM"
      ],
      "method": "EngleGranger",
      "rank": 1,
      "vectors": [
        {
          "weights": {
            "LINK": -0.14952928202100405,
            "ATOM": 1.0
          },
          "spread_mean": 0.29841706764404324,
          "spread_std": 0.01625302970459706,
          "half_life": 10.2703316258159,
          "test_stats": {
            "t_stat": -4.040140262602023
          },
          "p_value": 0.006289358855043515
        }
      ],
      "selection_score": 2.066446081410681,
      "notes": ""
    },
    {
      "id": "DOT-ATOM",
      "assets": [
        "DOT",
        "ATOM"
      ],
      "method": "EngleGranger",
      "rank": 1,
      "vectors": [
        {
          "weights": {
            "DOT": -0.9510855471242509,
            "ATOM": 1.0
          },
          "spread_mean": 0.27877928893859755,
          "spread_std": 0.010349010935279387,
          "half_life": 13.249225474184763,
          "test_stats": {
            "t_stat": -4.013402746134904
          },
          "p_value": 0.00687152983002887
        }
      ],
      "selection_score": 2.053064717242917,
      "notes": ""
    },
    {
      "id": "XRP-ADA",
      "assets": [
        "XRP",
        "ADA"
      ],
      "method": "EngleGranger",
      "rank": 1,
      "vectors": [
        {
          "weights": {
            "XRP": -0.08751299987560877,
            "ADA": 1.0
          },
          "spread_mean": 0.21572079021741683,
          "spread_std": 0.00295677389581958,
          "half_life": 13.93766053548985,
          "test_stats": {
            "t_stat": -3.912894166001687
          },
          "p_value": 0.009520418960306457
        }
      ],
      "selection_score": 2.0544764111104197,
      "notes": ""
    },
    {
      "id": "LINK-ADA",
      "assets": [
        "LINK",
        "ADA"
      ],
      "method": "EngleGranger",
      "rank": 1,
      "vectors": [
        {
          "weights": {
            "LINK": -0.0411270642245637,
            "ADA": 1.0
          },
          "spread_mean": -0.15456586611601597,
          "spread_std": 0.0047663261419265525,
          "half_life": 9.504295744158819,
          "test_stats": {
            "t_stat": -3.9066205709462927
          },
          "p_value": 0.009712709468006106
        }
      ],
      "selection_score": 2.0807427219943513,
      "notes": ""
    },
    {
      "id": "LINK-DOT",
      "assets": [
        "LINK",
        "DOT"
      ],
      "method": "EngleGranger",
      "rank": 1,
      "vectors": [
        {
          "weights": {
            "LINK": -0.15245615755056927,
            "DOT": 1.0
          },
          "spread_mean": 0.08625925699999065,
          "spread_std": 0.014928876765257275,
          "half_life": 8.858482588670453,
          "test_stats": {
            "t_stat": -3.747412308167773
          },
          "p_value": 0.015906348439413246
        }
      ],
      "selection_score": 2.070819856657615,
      "notes": ""
    },
    {
      "id": "SOL-LTC",
      "assets": [
        "SOL",
        "LTC"
      ],
      "method": "EngleGranger",
      "rank": 1,
      "vectors": [
        {
          "weights": {
            "SOL": -0.30184162926056923,
            "LTC": 1.0
          },
          "spread_mean": 42.14603200867439,
          "spread_std": 0.25959574495895055,
          "half_life": 2.6615733301648876,
          "test_stats": {
            "t_stat": -3.600773038527728
          },
          "p_value": 0.024447690566238186
        }
      ],
      "selection_score": 2.042564460529539,
      "notes": ""
    },
    {
      "id": "LTC-DOT",
      "assets": [
        "LTC",
        "DOT"
      ],
      "method": "EngleGranger",
      "rank": 1,
      "vectors": [
        {
          "weights": {
            "LTC": -0.0469762457787953,
            "DOT": 1.0
          },
          "spread_mean": -1.7337967883991863,
          "spread_std": 0.011336430060708546,
          "half_life": 15.860146480443145,
          "test_stats": {
            "t_stat": -3.587300555669612
          },
          "p_value": 0.02540198968750528
        }
      ],
      "selection_score": 2.0227001200513532,
      "notes": ""
    },
    {
      "id": "LTC-ATOM",
      "assets": [
        "LTC",
        "ATOM"
      ],
      "method": "EngleGranger",
      "rank": 1,
      "vectors": [
        {
          "weights": {
            "LTC": -0.045870544119431596,
            "ATOM": 1.0
          },
          "spread_mean": -1.4696872139636594,
          "spread_std": 0.01345385043417113,
          "half_life": 22.20873484743677,
          "test_stats": {
            "t_stat": -3.277549520041869
          },
          "p_value": 0.057887716922298375
        }
      ],
      "selection_score": 1.9719242616816492,
      "notes": ""
    },
    {
      "id": "XRP-LINK",
      "assets": [
        "XRP",
        "LINK"
      ],
      "method": "EngleGranger",
      "rank": 1,
      "vectors": [
        {
          "weights": {
            "XRP": -1.7009180614940105,
            "LINK": 1.0
          },
          "spread_mean": 9.960668411711056,
          "spread_std": 0.08214961557294365,
          "half_life": 7.382765859600709,
          "test_stats": {
            "t_stat": -3.1484025952208663
          },
          "p_value": 0.07898873834517478
        }
      ],
      "selection_score": 1.9643902688111878,
      "notes": ""
    },
    {
      "id": "SOL-ATOM",
      "assets": [
        "SOL",
        "ATOM"
      ],
      "method": "EngleGranger",
      "rank": 1,
      "vectors": [
        {
          "weights": {
            "SOL": -0.014589100318930777,
            "ATOM": 1.0
          },
          "spread_mean": 0.361850330864463,