{
  "version": "1.3",
  "computed_at_utc": "2026-01-07T14:42:42.883880+00:00",
  "computed_on_exchange": "kraken",
  "computed_on_testnet": true,
  "universe": [
    "SOL",
    "XRP",
    "LTC",
    "BCH",
    "AVAX",
    "LINK",
    "DOT",
    "ATOM",
    "MATIC",
    "DOGE",
    "ADA"
  ],
  "lookback_days": 10,
  "p_threshold": 0.15,
  "cointegration_groups": [
    {
      "id": "SOL-LINK",
      "assets": [
        "SOL",
        "LINK"
      ],
      "method": "EngleGranger",
      "rank": 1,
      "vectors": [
        {
          "weights": {
            "SOL": -0.042465402844768324,
            "LINK": 1.0
          },
          "spread_mean": 7.448607422872773,
          "spread_std": 0.4546777028878475,
          "half_life": 1.448485605626886,
          "test_stats": {
            "t_stat": -15.146536290797918
          },
          "p_value": 5.787170801306238e-27
        }
      ],
      "selection_score": 2.095853212967429,
      "notes": ""
    },
    {
      "id": "SOL-XRP",
      "assets": [
        "SOL",
        "XRP"
      ],
      "method": "EngleGranger",
      "rank": 1,
      "vectors": [
        {
          "weights": {
            "SOL": -0.012261114720158336,
            "XRP": 1.0
          },
          "spread_mean": 0.40801364318607863,
          "spread_std": 0.13767969578099237,
          "half_life": 1.6687557952403265,
          "test_stats": {
            "t_stat": -14.645949176189665
          },
          "p_value": 3.1382351060511503e-26
        }
      ],
      "selection_score": 2.253688468810899,
      "notes": ""
    },
    {
      "id": "SOL-ATOM",
      "assets": [
        "SOL",
        "ATOM"
      ],
      "method": "EngleGranger",
      "rank": 1,
      "vectors": [
        {
          "weights": {
            "SOL": -0.012290881406439753,
            "ATOM": 1.0
          },
          "spread_mean": 0.5606487529035178,
          "spread_std": 0.1397654958724902,
          "half_life": 1.7125654361298488,
          "test_stats": {
            "t_stat": -14.559064608144816
          },
          "p_value": 4.289166007966233e-26
        }
      ],
      "selection_score": 2.2460281639673054,
      "notes": ""
    },
    {
      "id": "SOL-LTC",
      "assets": [
        "SOL",
        "LTC"
      ],
      "method": "EngleGranger",
      "rank": 1,
      "vectors": [
        {
          "weights": {
            "SOL": -0.16717635036179962,
            "LTC": 1.0
          },
          "spread_mean": 58.612994008065726,
          "spread_std": 1.9090524915496943,
          "half_life": 1.6473912560427773,
          "test_stats": {
            "t_stat": -14.528821905864078
          },
          "p_value": 4.7880993004918516e-26
        }
      ],
      "selection_score": 1.721484879912943,
      "notes": ""
    },
    {
      "id": "SOL-ADA",
      "assets": [
        "SOL",
        "ADA"
      ],
      "method": "EngleGranger",
      "rank": 1,
      "vectors": [
        {
          "weights": {
            "SOL": -0.0018623652832376564,
            "ADA": 1.0
          },
          "spread_mean": 0.13535995659825015,
          "spread_std": 0.021578218272737655,
          "half_life": 1.7713704141980846,
          "test_stats": {
            "t_stat": -14.367980989302843
          },
          "p_value": 8.692395414675793e-26
        }
      ],
      "selection_score": 2.3397098803921157,
      "notes": ""
    },
    {
      "id": "SOL-DOGE",
      "assets": [
        "SOL",
        "DOGE"
      ],
      "method": "EngleGranger",
      "rank": 1,
      "vectors": [
        {
          "weights": {
            "SOL": -0.0008666526800351631,
            "DOGE": 1.0
          },
          "spread_mean": 0.02247482727518097,
          "spread_std": 0.010023319356353394,
          "half_life": 1.7780104137382808,
          "test_stats": {
            "t_stat": -14.355839749592795
          },
          "p_value": 9.099442561243497e-26
        }
      ],
      "selection_score": 2.3500460034601756,
      "notes": ""
    },
    {
      "id": "SOL-AVAX",
      "assets": [
        "SOL",
        "AVAX"
      ],
      "method": "EngleGranger",
      "rank": 1,
      "vectors": [
        {
          "weights": {
            "SOL": -0.05605484150151052,
            "AVAX": 1.0
          },
          "spread_mean": 6.14155715205528,
          "spread_std": 0.6583477450422796,
          "half_life": 1.8054087270713448,
          "test_stats": {
            "t_stat": -14.257407251359407
          },
          "p_value": 1.323799430060686e-25
        }
      ],
      "selection_score": 1.9594641334996297,
      "notes": ""
    },
    {
      "id": "SOL-DOT",
      "assets": [
        "SOL",
        "DOT"
      ],
      "method": "EngleGranger",
      "rank": 1,
      "vectors": [
        {
          "weights": {
            "SOL": -0.011433339728198783,
            "DOT": 1.0
          },
          "spread_mean": 0.509183598633799,
          "spread_std": 0.13992982006665655,
          "half_life": 2.031187075651824,
          "test_stats": {
            "t_stat": -13.897116425573309
          },
          "p_value": 5.529030859831697e-25
        }
      ],
      "selection_score": 2.207150742499979,
      "notes": ""
    },
    {
      "id": "SOL-BCH",
      "assets": [
        "SOL",
        "BCH"
      ],
      "method": "EngleGranger",
      "rank": 1,
      "vectors": [
        {
          "weights": {
            "SOL": -1.2083648511351728,
            "BCH": 1.0
          },
          "spread_mean": 463.8766483429312,
          "spread_std": 19.737276553283333,
          "half_life": 3.555114160549863,
          "test_stats": {
            "t_stat": -6.278740117029145
          },
          "p_value": 3.9710721615567656e-07
        }
      ],
      "selection_score": 1.2677554089303684,
      "notes": ""
    },
    {
      "id": "AVAX-DOT",
      "assets": [
        "AVAX",
        "DOT"
      ],
      "method": "EngleGranger",
      "rank": 1,
      "vectors": [
        {
          "weights": {
            "AVAX": -0.20371512189733987,
            "DOT": 1.0
          },
          "spread_mean": -0.7400982517945462,
          "spread_std": 0.040197721547654455,
          "half_life": 3.2985568267970127,
          "test_stats": {
            "t_stat": -4.75876105127283
          },
          "p_value": 0.00044585025848692525
        }
      ],
      "selection_score": 2.1935460586341153,
      "notes": ""
    },
    {
      "id": "LTC-DOGE",
      "assets": [
        "LTC",
        "DOGE"
      ],
      "method": "EngleGranger",
      "rank": 1,
      "vectors": [
        {
          "weights": {
            "LTC": -0.005015488689625232,
            "DOGE": 1.0
          },
          "spread_mean": -0.2678134162263149,
          "spread_std": 0.003482980386000532,
          "half_life": 3.9832355210816193,
          "test_stats": {
            "t_stat": -4.713989278828053
          },
          "p_value": 0.0005333700109286961
        }
      ],
      "selection_score": 2.1966685737522424,
      "notes": ""
    },
    {
      "id": "LTC-AVAX",
      "assets": [
        "LTC",
        "AVAX"
      ],
      "method": "EngleGranger",
      "rank": 1,
      "vectors": [
        {
          "weights": {
            "LTC": -0.3265910658820278,
            "AVAX": 1.0
          },
          "spread_mean": -12.810489719293248,
          "spread_std": 0.23643792399685956,
          "half_life": 2.9902195177386224,
          "test_stats": {
            "t_stat": -4.557337915680009
          },
          "p_value": 0.000984265341133329
        }
      ],
      "selection_score": 2.0584034468135917,
      "notes": ""
    },
    {
      "id": "LTC-ADA",
      "assets": [
        "LTC",
        "ADA"
      ],
      "method": "EngleGranger",
      "rank": 1,
      "vectors": [
        {
          "weights": {
            "LTC": -0.0107227720421814,
            "ADA": 1.0
          },